<!--
The markup in NativeScript apps contains a series of user interface components, each
of which NativeScript renders with a platform-specific iOS or Android native control.
You can find a full list of user interface components you can use in your app at
https://docs.nativescript.org/ui/components.
-->
<Page xmlns="http://schemas.nativescript.org/tns.xsd" navigatingTo="onNavigatingTo">
    <!--
    The ActionBar is the NativeScript common abstraction over the Android ActionBar and iOS NavigationBar.
    http://docs.nativescript.org/ui/action-bar
    -->
    <ActionBar title="Game Score App" icon="">
        <ActionItem android.systemIcon="ic_menu_info_details" 
        android.position ="right"
         tap="{{onHelpButtonTap}}"
         ios.position="left">
     </ActionItem>

    </ActionBar>

    <!--
    The StackLayout stacks UI components on the screen—either vertically or horizontally.
    In this case, the StackLayout does vertical stacking; you can change the stacking to
    horizontal by applying a orientation="horizontal" attribute to the <StackLayout> element.
    You can learn more about NativeScript layouts at
    https://docs.nativescript.org/ui/layout-containers.

    These components make use of the NativeScript core theme, which styles them with element selectors.
    The theme also provides a set of helper class names such as p-20, h1, h2, and text-center to enhance styling.
    You can learn more about the NativeScript core theme at https://github.com/nativescript/theme
    -->
    <ScrollView>
    <ScrollView orientation="horizontal">
    <StackLayout>
    
    <GridLayout rows="auto, *, auto" id="overall-grid">

        <GridLayout rows="auto,auto, auto" columns="auto, *" class="p-20" id="grid-1">
            <Label row="0" col="0" text="Number of players" />
            <TextField row="0" col="1" id="pl_num" hint="Enter number of players"></TextField>
            <Button row="1" text="Next" tap="{{ onNext }}" class="-primary" />
            <Label row="2" text="{{err_msg}}" color="red" />
        </GridLayout>

        <GridLayout rows="auto, auto" id="grid-2" visibility="collapsed">

            <StackLayout orientation="vertical" row="0" id="stack-0"></StackLayout>
            <Button row="1" text="OK" tap="{{ onOK }}" class="-primary" />

        </GridLayout>
        <GridLayout rows="*, auto, auto">


            <StackLayout row="0" id="stack-1" orientation="vertical" visibility="collapsed">
                <StackLayout orientation="horizontal">

                    <Button text="New Game" tap="{{ onNewGame }}" class="-primary" />
                    <Button text="New Round" tap="{{onNewRound}}" class="-primary" />
                </StackLayout>
               
            </StackLayout>
            
            <StackLayout  row="1" id="tot-stack" orientation="vertical" visibility="collapsed">
                
                <StackLayout id='stack-3' orientation="vertical"></StackLayout>
               
                <Label text="Totals:" />
                
            </StackLayout>

            
        </GridLayout>
        <StackLayout row="2" id="stack-2" visibility="collapsed">
            <StackLayout id='show_comm' >
                
            </StackLayout>
            <StackLayout orientation="horizontal">
            <Label text="Click on update to apply changes"/>
            <Button text="Update" tap="{{onUpdate}}" backgroundColor="green" />
        </StackLayout>

        </StackLayout>

    </GridLayout>
    <StackLayout id="score_comm">

    </StackLayout>
</StackLayout>
</ScrollView>
</ScrollView>

</Page>